{
  "properties": {
    "connectionReferences": {
      "shared_commondataserviceforapps": {
        "impersonation": {},
        "runtimeSource": "embedded",
        "connection": {},
        "api": {
          "name": "shared_commondataserviceforapps"
        }
      },
      "shared_sendmail": {
        "runtimeSource": "embedded",
        "connection": {},
        "api": {
          "name": "shared_sendmail"
        }
      }
    },
    "definition": {
      "$schema": "https://schema.management.azure.com/providers/Microsoft.Logic/schemas/2016-06-01/workflowdefinition.json#",
      "contentVersion": "1.0.0.0",
      "parameters": {
        "$connections": {
          "defaultValue": {},
          "type": "Object"
        },
        "$authentication": {
          "defaultValue": {},
          "type": "SecureObject"
        }
      },
      "triggers": {
        "When_a_row_is_added,_modified_or_deleted": {
          "metadata": {
            "operationMetadataId": "6138e5e0-0afd-4ddd-855a-9d6f30f662fb"
          },
          "type": "OpenApiConnectionWebhook",
          "inputs": {
            "host": {
              "apiId": "/providers/Microsoft.PowerApps/apis/shared_commondataserviceforapps",
              "connectionName": "shared_commondataserviceforapps",
              "operationId": "SubscribeWebhookTrigger"
            },
            "parameters": {
              "subscriptionRequest/message": 1,
              "subscriptionRequest/entityname": "crf77_meetingdetails",
              "subscriptionRequest/scope": 2
            },
            "authentication": "@parameters('$authentication')"
          }
        }
      },
      "actions": {
        "List_rows": {
          "runAfter": {},
          "metadata": {
            "operationMetadataId": "8a767381-2445-4453-9b8a-b8f03091ee99"
          },
          "type": "OpenApiConnection",
          "inputs": {
            "host": {
              "apiId": "/providers/Microsoft.PowerApps/apis/shared_commondataserviceforapps",
              "connectionName": "shared_commondataserviceforapps",
              "operationId": "ListRecords"
            },
            "parameters": {
              "entityName": "crf77_meetingdetailses"
            },
            "authentication": "@parameters('$authentication')"
          }
        },
        "Apply_to_each": {
          "foreach": "@outputs('List_rows')?['body/value']",
          "actions": {
            "Condition": {
              "actions": {
                "Condition_6": {
                  "actions": {
                    "Condition_7": {
                      "actions": {
                        "Send_an_email_notification_(V3)": {
                          "runAfter": {},
                          "metadata": {
                            "operationMetadataId": "a73d0fcd-3f70-4d52-9331-1aa4ad04182b"
                          },
                          "type": "OpenApiConnection",
                          "inputs": {
                            "host": {
                              "apiId": "/providers/Microsoft.PowerApps/apis/shared_sendmail",
                              "connectionName": "shared_sendmail",
                              "operationId": "SendEmailV3"
                            },
                            "parameters": {
                              "request/to": "@{outputs('Get_Current_User_Row')?['body/internalemailaddress']};",
                              "request/subject": "You Appointment Is INVALID and Has Been CANCELLED",
                              "request/text": "<p>Your Appoinment \"@{triggerOutputs()?['body/crf77_name']}\" on @{convertTimeZone(triggerOutputs()?['body/crf77_startdatetime'],'UTC','Eastern Standard Time','dd/MM/yyyy')}<br>\n<br>\nStarting at @{convertTimeZone(triggerOutputs()?['body/crf77_startdatetime'],'UTC','Eastern Standard Time','HH:mm tt')}<br>\nEnding at @{convertTimeZone(triggerOutputs()?['body/crf77_enddatetime'],'UTC','Eastern Standard Time','HH:mm tt')}<br>\n<br>\nis overlapping with another appointment \"@{items('Apply_to_each')?['crf77_name']}\" in the same meeting room and has been CANCELLED.<br>\n<br>\nIf you would like to rebook your appointment at another time, please follow this link.<br>\n<br>\nhttps://orgf01b786f.crm3.dynamics.com/Apps/uniquename/crf77_RoomBooker<br>\n<br>\n</p>"
                            },
                            "authentication": "@parameters('$authentication')"
                          }
                        },
                        "Delete_a_row": {
                          "runAfter": {
                            "Send_an_email_notification_(V3)": [
                              "Succeeded"
                            ]
                          },
                          "metadata": {
                            "operationMetadataId": "7e5cc952-3723-410f-81b5-a51dcbd4fc72"
                          },
                          "type": "OpenApiConnection",
                          "inputs": {
                            "host": {
                              "apiId": "/providers/Microsoft.PowerApps/apis/shared_commondataserviceforapps",
                              "connectionName": "shared_commondataserviceforapps",
                              "operationId": "DeleteRecord"
                            },
                            "parameters": {
                              "entityName": "crf77_meetingdetailses",
                              "recordId": "@triggerOutputs()?['body/crf77_meetingdetailsid']"
                            },
                            "authentication": "@parameters('$authentication')"
                          }
                        }
                      },
                      "runAfter": {},
                      "expression": {
                        "not": {
                          "equals": [
                            "@triggerOutputs()?['body/crf77_meetingdetailsid']",
                            "@items('Apply_to_each')?['crf77_meetingdetailsid']"
                          ]
                        }
                      },
                      "metadata": {
                        "operationMetadataId": "5744944d-e5f5-4064-b160-d99d42e195b2"
                      },
                      "type": "If"
                    }
                  },
                  "runAfter": {},
                  "expression": {
                    "or": [
                      {
                        "and": [
                          {
                            "greaterOrEquals": [
                              "@triggerOutputs()?['body/crf77_startdatetime']",
                              "@items('Apply_to_each')?['crf77_startdatetime']"
                            ]
                          },
                          {
                            "less": [
                              "@triggerOutputs()?['body/crf77_startdatetime']",
                              "@items('Apply_to_each')?['crf77_enddatetime']"
                            ]
                          }
                        ]
                      },
                      {
                        "and": [
                          {
                            "greater": [
                              "@triggerOutputs()?['body/crf77_enddatetime']",
                              "@items('Apply_to_each')?['crf77_startdatetime']"
                            ]
                          },
                          {
                            "lessOrEquals": [
                              "@triggerOutputs()?['body/crf77_enddatetime']",
                              "@items('Apply_to_each')?['crf77_enddatetime']"
                            ]
                          }
                        ]
                      },
                      {
                        "and": [
                          {
                            "less": [
                              "@triggerOutputs()?['body/crf77_startdatetime']",
                              "@items('Apply_to_each')?['crf77_startdatetime']"
                            ]
                          },
                          {
                            "greater": [
                              "@triggerOutputs()?['body/crf77_enddatetime']",
                              "@items('Apply_to_each')?['crf77_enddatetime']"
                            ]
                          }
                        ]
                      }
                    ]
                  },
                  "metadata": {
                    "operationMetadataId": "496d80a3-50cb-4ee6-a3c1-187ac1a326bd"
                  },
                  "type": "If"
                }
              },
              "runAfter": {},
              "expression": {
                "equals": [
                  "@triggerOutputs()?['body/_crf77_meetingroom_value']",
                  "@items('Apply_to_each')?['_crf77_meetingroom_value']"
                ]
              },
              "metadata": {
                "operationMetadataId": "48c09e2c-497a-4d1c-8813-33d5a9e9502e"
              },
              "type": "If"
            }
          },
          "runAfter": {
            "Get_Current_User_Row": [
              "Succeeded"
            ]
          },
          "metadata": {
            "operationMetadataId": "79957021-dd5e-4ec0-ab68-323b1347bc36"
          },
          "type": "Foreach"
        },
        "Get_Current_User_Row": {
          "runAfter": {
            "List_rows": [
              "Succeeded"
            ]
          },
          "metadata": {
            "operationMetadataId": "abea6d46-ab46-4b0e-b2fd-21542d3da9da"
          },
          "type": "OpenApiConnection",
          "inputs": {
            "host": {
              "apiId": "/providers/Microsoft.PowerApps/apis/shared_commondataserviceforapps",
              "connectionName": "shared_commondataserviceforapps",
              "operationId": "GetItem"
            },
            "parameters": {
              "entityName": "systemusers",
              "recordId": "@triggerOutputs()?['body/_createdby_value']"
            },
            "authentication": "@parameters('$authentication')"
          }
        }
      },
      "outputs": {}
    },
    "templateName": null
  },
  "schemaVersion": "1.0.0.0"
}