<ImportExportXml version="9.2.22064.184" SolutionPackageVersion="9.2" languagecode="1033" generatedBy="CrmLive" xmlns:xsi="http://www.w3.org/2001/XMLSchema-instance">
  <SolutionManifest>
    <UniqueName>RoomBookingSystemv2</UniqueName>
    <LocalizedNames>
      <LocalizedName description="Room Booking System v2" languagecode="1033" />
    </LocalizedNames>
    <Descriptions />
    <Version>1.0.0.12</Version>
    <Managed>0</Managed>
    <Publisher>
      <UniqueName>Cr4b55c</UniqueName>
      <LocalizedNames>
        <LocalizedName description="CDS Default Publisher" languagecode="1033" />
      </LocalizedNames>
      <Descriptions />
      <EMailAddress xsi:nil="true"></EMailAddress>
      <SupportingWebsiteUrl xsi:nil="true"></SupportingWebsiteUrl>
      <CustomizationPrefix>crf77</CustomizationPrefix>
      <CustomizationOptionValuePrefix>19861</CustomizationOptionValuePrefix>
      <Addresses>
        <Address>
          <AddressNumber>1</AddressNumber>
          <AddressTypeCode xsi:nil="true"></AddressTypeCode>
          <City xsi:nil="true"></City>
          <County xsi:nil="true"></County>
          <Country xsi:nil="true"></Country>
          <Fax xsi:nil="true"></Fax>
          <FreightTermsCode xsi:nil="true"></FreightTermsCode>
          <ImportSequenceNumber xsi:nil="true"></ImportSequenceNumber>
          <Latitude xsi:nil="true"></Latitude>
          <Line1 xsi:nil="true"></Line1>
          <Line2 xsi:nil="true"></Line2>
          <Line3 xsi:nil="true"></Line3>
          <Longitude xsi:nil="true"></Longitude>
          <Name xsi:nil="true"></Name>
          <PostalCode xsi:nil="true"></PostalCode>
          <PostOfficeBox xsi:nil="true"></PostOfficeBox>
          <PrimaryContactName xsi:nil="true"></PrimaryContactName>
          <ShippingMethodCode xsi:nil="true"></ShippingMethodCode>
          <StateOrProvince xsi:nil="true"></StateOrProvince>
          <Telephone1 xsi:nil="true"></Telephone1>
          <Telephone2 xsi:nil="true"></Telephone2>
          <Telephone3 xsi:nil="true"></Telephone3>
          <TimeZoneRuleVersionNumber xsi:nil="true"></TimeZoneRuleVersionNumber>
          <UPSZone xsi:nil="true"></UPSZone>
          <UTCOffset xsi:nil="true"></UTCOffset>
          <UTCConversionTimeZoneCode xsi:nil="true"></UTCConversionTimeZoneCode>
        </Address>
        <Address>
          <AddressNumber>2</AddressNumber>
          <AddressTypeCode xsi:nil="true"></AddressTypeCode>
          <City xsi:nil="true"></City>
          <County xsi:nil="true"></County>
          <Country xsi:nil="true"></Country>
          <Fax xsi:nil="true"></Fax>
          <FreightTermsCode xsi:nil="true"></FreightTermsCode>
          <ImportSequenceNumber xsi:nil="true"></ImportSequenceNumber>
          <Latitude xsi:nil="true"></Latitude>
          <Line1 xsi:nil="true"></Line1>
          <Line2 xsi:nil="true"></Line2>
          <Line3 xsi:nil="true"></Line3>
          <Longitude xsi:nil="true"></Longitude>
          <Name xsi:nil="true"></Name>
          <PostalCode xsi:nil="true"></PostalCode>
          <PostOfficeBox xsi:nil="true"></PostOfficeBox>
          <PrimaryContactName xsi:nil="true"></PrimaryContactName>
          <ShippingMethodCode xsi:nil="true"></ShippingMethodCode>
          <StateOrProvince xsi:nil="true"></StateOrProvince>
          <Telephone1 xsi:nil="true"></Telephone1>
          <Telephone2 xsi:nil="true"></Telephone2>
          <Telephone3 xsi:nil="true"></Telephone3>
          <TimeZoneRuleVersionNumber xsi:nil="true"></TimeZoneRuleVersionNumber>
          <UPSZone xsi:nil="true"></UPSZone>
          <UTCOffset xsi:nil="true"></UTCOffset>
          <UTCConversionTimeZoneCode xsi:nil="true"></UTCConversionTimeZoneCode>
        </Address>
      </Addresses>
    </Publisher>
    <RootComponents>
      <RootComponent type="1" schemaName="crf77_meetingdetails" behavior="0" />
      <RootComponent type="1" schemaName="crf77_meetingdetailsearch" behavior="0" />
      <RootComponent type="1" schemaName="crf77_meetingroom" behavior="0" />
      <RootComponent type="29" id="{1c9c1aa9-f2fe-ec11-82e6-0022483d2363}" behavior="0" />
      <RootComponent type="62" schemaName="crf77_RoomBooker" behavior="0" />
      <RootComponent type="80" schemaName="crf77_RoomBooker" behavior="0" />
      <RootComponent type="300" schemaName="crf77_collectiontest_3fe5d" behavior="0" />
      <RootComponent type="300" schemaName="crf77_roomsearch_c733a" behavior="0" />
      <RootComponent type="431" schemaName="crf77_meetingroom crf77_roomimage" behavior="0" />
      <RootComponent type="432" schemaName="crf77_meetingroom" behavior="0" />
    </RootComponents>
    <MissingDependencies>
      <MissingDependency>
        <Required type="1" schemaName="crf77_meetingdetails" displayName="Meeting Details" solution="RoomBookingSystem (1.1.0.3)" />
        <Dependent type="1" schemaName="crf77_meetingdetails" displayName="Meeting Details" />
      </MissingDependency>
      <MissingDependency>
        <Required type="1" schemaName="crf77_meetingroom" displayName="Meeting Room" solution="RoomBookingSystem (1.1.0.3)" />
        <Dependent type="1" schemaName="crf77_meetingroom" displayName="Meeting Room" />
      </MissingDependency>
      <MissingDependency>
        <Required type="300" schemaName="crf77_roomsearch_c733a" displayName="Room Search" solution="RoomBookingSystem (1.1.0.3)" />
        <Dependent type="300" schemaName="crf77_roomsearch_c733a" displayName="Room Search" />
      </MissingDependency>
      <MissingDependency>
        <Required type="61" schemaName="msdyn_/Images/AppModule_Default_Icon.png" displayName="msdyn_/Images/AppModule_Default_Icon.png" solution="AppModuleWebResources (2.5)" />
        <Dependent type="80" schemaName="crf77_RoomBooker" displayName="Room Booker" />
      </MissingDependency>
      <MissingDependency>
        <Required type="66" schemaName="MscrmControls.ActivityCalendarControl.ActivityCalendarControl" displayName="MscrmControls.ActivityCalendarControl.ActivityCalendarControl" solution="msdyn_UCICalendar (1.0.0.2095)" />
        <Dependent type="68" id="{e65bfd75-9ec1-441e-a4bc-59938822a427}" />
      </MissingDependency>
      <MissingDependency>
        <Required type="66" schemaName="MscrmControls.Canvas.CanvasControl" displayName="MscrmControls.Canvas.CanvasControl" solution="BaseCustomControlsCore (9.0.2206.4007)" />
        <Dependent type="60" displayName="Information" parentDisplayName="Meeting Details" id="{8ba85ffb-15a2-4770-ad3d-dabbd05b9e6e}" />
      </MissingDependency>
      <MissingDependency>
        <Required type="9" schemaName="crf77_buidling" displayName="Building" solution="RoomBookingSystem (1.1.0.3)" />
        <Dependent type="2" schemaName="crf77_buidling" displayName="Building" parentSchemaName="crf77_meetingroom" parentDisplayName="Meeting Room" />
      </MissingDependency>
      <MissingDependency>
        <Required type="9" schemaName="crf77_department" displayName="Department Choices" solution="RoomBookingSystem (1.1.0.3)" />
        <Dependent type="2" schemaName="crf77_department" displayName="Department" parentSchemaName="crf77_meetingroom" parentDisplayName="Meeting Room" />
      </MissingDependency>
      <MissingDependency>
        <Required type="9" schemaName="crf77_meetingdetails_statecode" displayName="Status" solution="RoomBookingSystem (1.1.0.3)" />
        <Dependent type="9" schemaName="crf77_meetingdetails_statecode" displayName="Status" />
      </MissingDependency>
      <MissingDependency>
        <Required type="9" schemaName="crf77_meetingdetails_statuscode" displayName="Status Reason" solution="RoomBookingSystem (1.1.0.3)" />
        <Dependent type="9" schemaName="crf77_meetingdetails_statuscode" displayName="Status Reason" />
      </MissingDependency>
      <MissingDependency>
        <Required type="9" schemaName="crf77_meetingroom_statecode" displayName="Status" solution="RoomBookingSystem (1.1.0.3)" />
        <Dependent type="9" schemaName="crf77_meetingroom_statecode" displayName="Status" />
      </MissingDependency>
      <MissingDependency>
        <Required type="9" schemaName="crf77_meetingroom_statuscode" displayName="Status Reason" solution="RoomBookingSystem (1.1.0.3)" />
        <Dependent type="9" schemaName="crf77_meetingroom_statuscode" displayName="Status Reason" />
      </MissingDependency>
    </MissingDependencies>
  </SolutionManifest>
</ImportExportXml>