<ImportExportXml version="9.2.22051.135" SolutionPackageVersion="9.2" languagecode="1033" generatedBy="CrmLive" xmlns:xsi="http://www.w3.org/2001/XMLSchema-instance">
  <SolutionManifest>
    <UniqueName>RoomBookingSystemv2</UniqueName>
    <LocalizedNames>
      <LocalizedName description="Room Booking System v2" languagecode="1033" />
    </LocalizedNames>
    <Descriptions />
    <Version>1.0.0.2</Version>
    <Managed>0</Managed>
    <Publisher>
      <UniqueName>Cr4b55c</UniqueName>
      <LocalizedNames>
        <LocalizedName description="CDS Default Publisher" languagecode="1033" />
      </LocalizedNames>
      <Descriptions />
      <EMailAddress xsi:nil="true"></EMailAddress>
      <SupportingWebsiteUrl xsi:nil="true"></SupportingWebsiteUrl>
      <CustomizationPrefix>crf77</CustomizationPrefix>
      <CustomizationOptionValuePrefix>19861</CustomizationOptionValuePrefix>
      <Addresses>
        <Address>
          <AddressNumber>1</AddressNumber>
          <AddressTypeCode xsi:nil="true"></AddressTypeCode>
          <City xsi:nil="true"></City>
          <County xsi:nil="true"></County>
          <Country xsi:nil="true"></Country>
          <Fax xsi:nil="true"></Fax>
          <FreightTermsCode xsi:nil="true"></FreightTermsCode>
          <ImportSequenceNumber xsi:nil="true"></ImportSequenceNumber>
          <Latitude xsi:nil="true"></Latitude>
          <Line1 xsi:nil="true"></Line1>
          <Line2 xsi:nil="true"></Line2>
          <Line3 xsi:nil="true"></Line3>
          <Longitude xsi:nil="true"></Longitude>
          <Name xsi:nil="true"></Name>
          <PostalCode xsi:nil="true"></PostalCode>
          <PostOfficeBox xsi:nil="true"></PostOfficeBox>
          <PrimaryContactName xsi:nil="true"></PrimaryContactName>
          <ShippingMethodCode xsi:nil="true"></ShippingMethodCode>
          <StateOrProvince xsi:nil="true"></StateOrProvince>
          <Telephone1 xsi:nil="true"></Telephone1>
          <Telephone2 xsi:nil="true"></Telephone2>
          <Telephone3 xsi:nil="true"></Telephone3>
          <TimeZoneRuleVersionNumber xsi:nil="true"></TimeZoneRuleVersionNumber>
          <UPSZone xsi:nil="true"></UPSZone>
          <UTCOffset xsi:nil="true"></UTCOffset>
          <UTCConversionTimeZoneCode xsi:nil="true"></UTCConversionTimeZoneCode>
        </Address>
        <Address>
          <AddressNumber>2</AddressNumber>
          <AddressTypeCode xsi:nil="true"></AddressTypeCode>
          <City xsi:nil="true"></City>
          <County xsi:nil="true"></County>
          <Country xsi:nil="true"></Country>
          <Fax xsi:nil="true"></Fax>
          <FreightTermsCode xsi:nil="true"></FreightTermsCode>
          <ImportSequenceNumber xsi:nil="true"></ImportSequenceNumber>
          <Latitude xsi:nil="true"></Latitude>
          <Line1 xsi:nil="true"></Line1>
          <Line2 xsi:nil="true"></Line2>
          <Line3 xsi:nil="true"></Line3>
          <Longitude xsi:nil="true"></Longitude>
          <Name xsi:nil="true"></Name>
          <PostalCode xsi:nil="true"></PostalCode>
          <PostOfficeBox xsi:nil="true"></PostOfficeBox>
          <PrimaryContactName xsi:nil="true"></PrimaryContactName>
          <ShippingMethodCode xsi:nil="true"></ShippingMethodCode>
          <StateOrProvince xsi:nil="true"></StateOrProvince>
          <Telephone1 xsi:nil="true"></Telephone1>
          <Telephone2 xsi:nil="true"></Telephone2>
          <Telephone3 xsi:nil="true"></Telephone3>
          <TimeZoneRuleVersionNumber xsi:nil="true"></TimeZoneRuleVersionNumber>
          <UPSZone xsi:nil="true"></UPSZone>
          <UTCOffset xsi:nil="true"></UTCOffset>
          <UTCConversionTimeZoneCode xsi:nil="true"></UTCConversionTimeZoneCode>
        </Address>
      </Addresses>
    </Publisher>
    <RootComponents>
      <RootComponent type="1" schemaName="crf77_meetingdetails" behavior="0" />
      <RootComponent type="1" schemaName="crf77_meetingroom" behavior="0" />
      <RootComponent type="62" schemaName="crf77_RoomBooker" behavior="0" />
      <RootComponent type="80" schemaName="crf77_RoomBooker" behavior="0" />
      <RootComponent type="300" schemaName="crf77_roomsearch_c733a" behavior="0" />
    </RootComponents>
    <MissingDependencies>
      <MissingDependency>
        <Required type="1" schemaName="crf77_meetingdetails" displayName="Meeting Details" solution="RoomBookingSystem (1.1.0.3)" />
        <Dependent type="1" schemaName="crf77_meetingdetails" displayName="Meeting Details" />
      </MissingDependency>
      <MissingDependency>
        <Required type="1" schemaName="crf77_meetingdetails" displayName="Meeting Details" solution="RoomBookingSystem (1.1.0.3)" />
        <Dependent type="10" schemaName="crf77_MeetingDetails_crf77_MeetingRoom_cr" displayName="crf77_MeetingDetails_crf77_MeetingRoom_cr" parentSchemaName="crf77_meetingdetails" parentDisplayName="Meeting Details" />
      </MissingDependency>
      <MissingDependency>
        <Required type="1" schemaName="crf77_meetingdetails" displayName="Meeting Details" solution="RoomBookingSystem (1.1.0.3)" />
        <Dependent type="10" schemaName="crf77_MeetingDetails_Employee_SystemUser" displayName="crf77_MeetingDetails_Employee_SystemUser" parentSchemaName="crf77_meetingdetails" parentDisplayName="Meeting Details" />
      </MissingDependency>
      <MissingDependency>
        <Required type="1" schemaName="crf77_meetingdetails" displayName="Meeting Details" solution="RoomBookingSystem (1.1.0.3)" />
        <Dependent type="2" schemaName="createdby" displayName="Created By" parentSchemaName="crf77_meetingdetails" parentDisplayName="Meeting Details" />
      </MissingDependency>
      <MissingDependency>
        <Required type="1" schemaName="crf77_meetingdetails" displayName="Meeting Details" solution="RoomBookingSystem (1.1.0.3)" />
        <Dependent type="2" schemaName="createdonbehalfby" displayName="Created By (Delegate)" parentSchemaName="crf77_meetingdetails" parentDisplayName="Meeting Details" />
      </MissingDependency>
      <MissingDependency>
        <Required type="1" schemaName="crf77_meetingdetails" displayName="Meeting Details" solution="RoomBookingSystem (1.1.0.3)" />
        <Dependent type="2" schemaName="modifiedby" displayName="Modified By" parentSchemaName="crf77_meetingdetails" parentDisplayName="Meeting Details" />
      </MissingDependency>
      <MissingDependency>
        <Required type="1" schemaName="crf77_meetingdetails" displayName="Meeting Details" solution="RoomBookingSystem (1.1.0.3)" />
        <Dependent type="2" schemaName="modifiedonbehalfby" displayName="Modified By (Delegate)" parentSchemaName="crf77_meetingdetails" parentDisplayName="Meeting Details" />
      </MissingDependency>
      <MissingDependency>
        <Required type="1" schemaName="crf77_meetingdetails" displayName="Meeting Details" solution="RoomBookingSystem (1.1.0.3)" />
        <Dependent type="2" schemaName="ownerid" displayName="Owner" parentSchemaName="crf77_meetingdetails" parentDisplayName="Meeting Details" />
      </MissingDependency>
      <MissingDependency>
        <Required type="1" schemaName="crf77_meetingdetails" displayName="Meeting Details" solution="RoomBookingSystem (1.1.0.3)" />
        <Dependent type="2" schemaName="owneridtype" parentSchemaName="crf77_meetingdetails" parentDisplayName="Meeting Details" />
      </MissingDependency>
      <MissingDependency>
        <Required type="1" schemaName="crf77_meetingdetails" displayName="Meeting Details" solution="RoomBookingSystem (1.1.0.3)" />
        <Dependent type="2" schemaName="owningbusinessunit" displayName="Owning Business Unit" parentSchemaName="crf77_meetingdetails" parentDisplayName="Meeting Details" />
      </MissingDependency>
      <MissingDependency>
        <Required type="1" schemaName="crf77_meetingdetails" displayName="Meeting Details" solution="RoomBookingSystem (1.1.0.3)" />
        <Dependent type="2" schemaName="versionnumber" displayName="Version Number" parentSchemaName="crf77_meetingdetails" parentDisplayName="Meeting Details" />
      </MissingDependency>
      <MissingDependency>
        <Required type="1" schemaName="crf77_meetingdetails" displayName="Meeting Details" solution="RoomBookingSystem (1.1.0.3)" />
        <Dependent type="62" schemaName="crf77_RoomBooker" />
      </MissingDependency>
      <MissingDependency>
        <Required type="1" schemaName="crf77_meetingdetails" displayName="Meeting Details" solution="RoomBookingSystem (1.1.0.3)" />
        <Dependent type="80" schemaName="crf77_RoomBooker" displayName="Room Booker" />
      </MissingDependency>
      <MissingDependency>
        <Required type="1" schemaName="crf77_meetingroom" displayName="Meeting Room" solution="RoomBookingSystem (1.1.0.3)" />
        <Dependent type="1" schemaName="crf77_meetingroom" displayName="Meeting Room" />
      </MissingDependency>
      <MissingDependency>
        <Required type="1" schemaName="crf77_meetingroom" displayName="Meeting Room" solution="RoomBookingSystem (1.1.0.3)" />
        <Dependent type="10" schemaName="crf77_MeetingDetails_crf77_MeetingRoom_cr" displayName="crf77_MeetingDetails_crf77_MeetingRoom_cr" parentSchemaName="crf77_meetingdetails" parentDisplayName="Meeting Details" />
      </MissingDependency>
      <MissingDependency>
        <Required type="1" schemaName="crf77_meetingroom" displayName="Meeting Room" solution="RoomBookingSystem (1.1.0.3)" />
        <Dependent type="2" schemaName="createdby" displayName="Created By" parentSchemaName="crf77_meetingroom" parentDisplayName="Meeting Room" />
      </MissingDependency>
      <MissingDependency>
        <Required type="1" schemaName="crf77_meetingroom" displayName="Meeting Room" solution="RoomBookingSystem (1.1.0.3)" />
        <Dependent type="2" schemaName="createdonbehalfby" displayName="Created By (Delegate)" parentSchemaName="crf77_meetingroom" parentDisplayName="Meeting Room" />
      </MissingDependency>
      <MissingDependency>
        <Required type="1" schemaName="crf77_meetingroom" displayName="Meeting Room" solution="RoomBookingSystem (1.1.0.3)" />
        <Dependent type="2" schemaName="modifiedby" displayName="Modified By" parentSchemaName="crf77_meetingroom" parentDisplayName="Meeting Room" />
      </MissingDependency>
      <MissingDependency>
        <Required type="1" schemaName="crf77_meetingroom" displayName="Meeting Room" solution="RoomBookingSystem (1.1.0.3)" />
        <Dependent type="2" schemaName="modifiedonbehalfby" displayName="Modified By (Delegate)" parentSchemaName="crf77_meetingroom" parentDisplayName="Meeting Room" />
      </MissingDependency>
      <MissingDependency>
        <Required type="1" schemaName="crf77_meetingroom" displayName="Meeting Room" solution="RoomBookingSystem (1.1.0.3)" />
        <Dependent type="2" schemaName="ownerid" displayName="Owner" parentSchemaName="crf77_meetingroom" parentDisplayName="Meeting Room" />
      </MissingDependency>
      <MissingDependency>
        <Required type="1" schemaName="crf77_meetingroom" displayName="Meeting Room" solution="RoomBookingSystem (1.1.0.3)" />
        <Dependent type="2" schemaName="owneridtype" parentSchemaName="crf77_meetingroom" parentDisplayName="Meeting Room" />
      </MissingDependency>
      <MissingDependency>
        <Required type="1" schemaName="crf77_meetingroom" displayName="Meeting Room" solution="RoomBookingSystem (1.1.0.3)" />
        <Dependent type="2" schemaName="owningbusinessunit" displayName="Owning Business Unit" parentSchemaName="crf77_meetingroom" parentDisplayName="Meeting Room" />
      </MissingDependency>
      <MissingDependency>
        <Required type="1" schemaName="crf77_meetingroom" displayName="Meeting Room" solution="RoomBookingSystem (1.1.0.3)" />
        <Dependent type="2" schemaName="versionnumber" displayName="Version Number" parentSchemaName="crf77_meetingroom" parentDisplayName="Meeting Room" />
      </MissingDependency>
      <MissingDependency>
        <Required type="1" schemaName="crf77_meetingroom" displayName="Meeting Room" solution="RoomBookingSystem (1.1.0.3)" />
        <Dependent type="300" schemaName="crf77_roomsearch_c733a" displayName="Room Search" />
      </MissingDependency>
      <MissingDependency>
        <Required type="1" schemaName="crf77_meetingroom" displayName="Meeting Room" solution="RoomBookingSystem (1.1.0.3)" />
        <Dependent type="62" schemaName="crf77_RoomBooker" />
      </MissingDependency>
      <MissingDependency>
        <Required type="1" schemaName="crf77_meetingroom" displayName="Meeting Room" solution="RoomBookingSystem (1.1.0.3)" />
        <Dependent type="68" id="{c54dd395-e824-400a-9a6c-a56c14842d61}" />
      </MissingDependency>
      <MissingDependency>
        <Required type="1" schemaName="crf77_meetingroom" displayName="Meeting Room" solution="RoomBookingSystem (1.1.0.3)" />
        <Dependent type="80" schemaName="crf77_RoomBooker" displayName="Room Booker" />
      </MissingDependency>
      <MissingDependency>
        <Required type="300" schemaName="crf77_roomsearch_c733a" displayName="Room Search" solution="RoomBookingSystem (1.1.0.3)" />
        <Dependent type="300" schemaName="crf77_roomsearch_c733a" displayName="Room Search" />
      </MissingDependency>
      <MissingDependency>
        <Required type="61" schemaName="msdyn_/Images/AppModule_Default_Icon.png" displayName="msdyn_/Images/AppModule_Default_Icon.png" solution="AppModuleWebResources (2.5)" />
        <Dependent type="80" schemaName="crf77_RoomBooker" displayName="Room Booker" />
      </MissingDependency>
    </MissingDependencies>
  </SolutionManifest>
</ImportExportXml>