{
  "properties": {
    "connectionReferences": {
      "shared_commondataserviceforapps": {
        "runtimeSource": "embedded",
        "connection": {
          "connectionReferenceLogicalName": "crf77_sharedcommondataserviceforapps_92d69"
        },
        "api": {
          "name": "shared_commondataserviceforapps"
        }
      }
    },
    "definition": {
      "$schema": "https://schema.management.azure.com/providers/Microsoft.Logic/schemas/2016-06-01/workflowdefinition.json#",
      "contentVersion": "1.0.0.0",
      "parameters": {
        "$connections": {
          "defaultValue": {},
          "type": "Object"
        },
        "$authentication": {
          "defaultValue": {},
          "type": "SecureObject"
        }
      },
      "triggers": {
        "When_a_row_is_added,_modified_or_deleted": {
          "metadata": {
            "operationMetadataId": "2381bcc6-b883-4bce-9f66-ffc332bbf81b"
          },
          "type": "OpenApiConnectionWebhook",
          "inputs": {
            "host": {
              "connectionName": "shared_commondataserviceforapps",
              "operationId": "SubscribeWebhookTrigger",
              "apiId": "/providers/Microsoft.PowerApps/apis/shared_commondataserviceforapps"
            },
            "parameters": {
              "subscriptionRequest/message": 1,
              "subscriptionRequest/entityname": "crf77_meetingdetails",
              "subscriptionRequest/scope": 2
            },
            "authentication": "@parameters('$authentication')"
          }
        }
      },
      "actions": {
        "Update_a_row": {
          "runAfter": {
            "Get_a_row_by_ID": [
              "Succeeded"
            ]
          },
          "metadata": {
            "operationMetadataId": "6cf46503-d3a6-474f-8155-6e96279e91f7"
          },
          "type": "OpenApiConnection",
          "inputs": {
            "host": {
              "connectionName": "shared_commondataserviceforapps",
              "operationId": "UpdateRecord",
              "apiId": "/providers/Microsoft.PowerApps/apis/shared_commondataserviceforapps"
            },
            "parameters": {
              "entityName": "crf77_meetingdetailses",
              "recordId": "@triggerOutputs()?['body/crf77_meetingdetailsid']",
              "item/crf77_appointmenttype": "@triggerOutputs()?['body/crf77_appointmenttype']",
              "item/crf77_Employee@odata.bind": "/systemusers(@{triggerOutputs()?['body/_crf77_employee_value']})",
              "item/crf77_enddatetime": "@triggerOutputs()?['body/crf77_enddatetime']",
              "item/crf77_isalessermeeting": "@triggerOutputs()?['body/crf77_isalessermeeting']",
              "item/crf77_issubweeklymeeting": "@triggerOutputs()?['body/crf77_issubweeklymeeting']",
              "item/crf77_MeetingRoom@odata.bind": "/crf77_meetingrooms(@{triggerOutputs()?['body/_crf77_meetingroom_value']})",
              "item/crf77_name": "@triggerOutputs()?['body/crf77_name']",
              "item/crf77_numberofrepeatevents": "@triggerOutputs()?['body/crf77_numberofrepeatevents']",
              "item/crf77_numberweeklyoccurrence": "@triggerOutputs()?['body/crf77_numberweeklyoccurrence']",
              "item/crf77_startdatetime": "@triggerOutputs()?['body/crf77_startdatetime']",
              "item/crf77_thriceweeklyendtime": "@triggerOutputs()?['body/crf77_thriceweeklyendtime']",
              "item/crf77_thriceweekly": "@triggerOutputs()?['body/crf77_thriceweekly']",
              "item/crf77_twiceweeklyendtime": "@triggerOutputs()?['body/crf77_twiceweeklyendtime']",
              "item/crf77_twiceweekly": "@triggerOutputs()?['body/crf77_twiceweekly']",
              "item/crf77_meetingdetailsbuilding": "@outputs('Get_a_row_by_ID')?['body/crf77_building']"
            },
            "authentication": "@parameters('$authentication')"
          }
        },
        "Get_a_row_by_ID": {
          "runAfter": {},
          "metadata": {
            "operationMetadataId": "3afb0e2a-3255-464e-a5cc-e18c292eb32d"
          },
          "type": "OpenApiConnection",
          "inputs": {
            "host": {
              "connectionName": "shared_commondataserviceforapps",
              "operationId": "GetItem",
              "apiId": "/providers/Microsoft.PowerApps/apis/shared_commondataserviceforapps"
            },
            "parameters": {
              "entityName": "crf77_meetingrooms",
              "recordId": "@triggerOutputs()?['body/_crf77_meetingroom_value']"
            },
            "authentication": "@parameters('$authentication')"
          }
        }
      },
      "outputs": {}
    },
    "templateName": ""
  },
  "schemaVersion": "1.0.0.0"
}