{
  "properties": {
    "connectionReferences": {
      "shared_commondataserviceforapps": {
        "runtimeSource": "embedded",
        "connection": {
          "connectionReferenceLogicalName": "crf77_sharedcommondataserviceforapps_92d69"
        },
        "api": {
          "name": "shared_commondataserviceforapps"
        }
      },
      "shared_sendmail": {
        "runtimeSource": "embedded",
        "connection": {
          "connectionReferenceLogicalName": "crf77_sharedsendmail_8bc69"
        },
        "api": {
          "name": "shared_sendmail"
        }
      },
      "shared_office365users": {
        "runtimeSource": "embedded",
        "connection": {
          "connectionReferenceLogicalName": "crf77_sharedoffice365users_5c5c3"
        },
        "api": {
          "name": "shared_office365users"
        }
      }
    },
    "definition": {
      "$schema": "https://schema.management.azure.com/providers/Microsoft.Logic/schemas/2016-06-01/workflowdefinition.json#",
      "contentVersion": "1.0.0.0",
      "parameters": {
        "$connections": {
          "defaultValue": {},
          "type": "Object"
        },
        "$authentication": {
          "defaultValue": {},
          "type": "SecureObject"
        }
      },
      "triggers": {
        "When_a_row_is_added,_modified_or_deleted": {
          "metadata": {
            "operationMetadataId": "6138e5e0-0afd-4ddd-855a-9d6f30f662fb"
          },
          "type": "OpenApiConnectionWebhook",
          "inputs": {
            "host": {
              "connectionName": "shared_commondataserviceforapps",
              "operationId": "SubscribeWebhookTrigger",
              "apiId": "/providers/Microsoft.PowerApps/apis/shared_commondataserviceforapps"
            },
            "parameters": {
              "subscriptionRequest/message": 1,
              "subscriptionRequest/entityname": "crf77_meetingdetails",
              "subscriptionRequest/scope": 2
            },
            "authentication": "@parameters('$authentication')"
          }
        }
      },
      "actions": {
        "List_rows": {
          "runAfter": {},
          "metadata": {
            "operationMetadataId": "8a767381-2445-4453-9b8a-b8f03091ee99"
          },
          "type": "OpenApiConnection",
          "inputs": {
            "host": {
              "connectionName": "shared_commondataserviceforapps",
              "operationId": "ListRecords",
              "apiId": "/providers/Microsoft.PowerApps/apis/shared_commondataserviceforapps"
            },
            "parameters": {
              "entityName": "crf77_meetingdetailses"
            },
            "authentication": "@parameters('$authentication')"
          }
        },
        "Apply_to_each": {
          "foreach": "@outputs('List_rows')?['body/value']",
          "actions": {
            "Condition": {
              "actions": {
                "Send_an_email_notification_(V3)": {
                  "runAfter": {},
                  "metadata": {
                    "operationMetadataId": "a73d0fcd-3f70-4d52-9331-1aa4ad04182b"
                  },
                  "type": "OpenApiConnection",
                  "inputs": {
                    "host": {
                      "connectionName": "shared_sendmail",
                      "operationId": "SendEmailV3",
                      "apiId": "/providers/Microsoft.PowerApps/apis/shared_sendmail"
                    },
                    "parameters": {
                      "request/to": "@{outputs('Get_my_profile_(V2)')?['body/mail']};",
                      "request/subject": "You Appointment Is Invalid and Has Been Cancelled",
                      "request/text": "<p>Your Appoinment \"@{triggerOutputs()?['body/crf77_name']}\" is overlapping with another appointment in the same meeting room and has been cancelled.<br>\n<br>\nIf you would like to rebook your appointment at another time, please follow this link.<br>\n<br>\nhttps://orgf01b786f.crm3.dynamics.com/Apps/uniquename/crf77_RoomBooker<br>\n<br>\n</p>"
                    },
                    "authentication": "@parameters('$authentication')"
                  }
                },
                "Delete_a_row": {
                  "runAfter": {
                    "Send_an_email_notification_(V3)": [
                      "Succeeded"
                    ]
                  },
                  "metadata": {
                    "operationMetadataId": "7e5cc952-3723-410f-81b5-a51dcbd4fc72"
                  },
                  "type": "OpenApiConnection",
                  "inputs": {
                    "host": {
                      "connectionName": "shared_commondataserviceforapps",
                      "operationId": "DeleteRecord",
                      "apiId": "/providers/Microsoft.PowerApps/apis/shared_commondataserviceforapps"
                    },
                    "parameters": {
                      "entityName": "crf77_meetingdetailses",
                      "recordId": "@triggerOutputs()?['body/crf77_meetingdetailsid']"
                    },
                    "authentication": "@parameters('$authentication')"
                  }
                }
              },
              "runAfter": {},
              "expression": {
                "and": [
                  {
                    "equals": [
                      "@triggerOutputs()?['body/_crf77_meetingroom_value']",
                      "@items('Apply_to_each')?['_crf77_meetingroom_value']"
                    ]
                  },
                  {
                    "greaterOrEquals": [
                      "@triggerOutputs()?['body/crf77_startdatetime']",
                      "@items('Apply_to_each')?['crf77_startdatetime']"
                    ]
                  },
                  {
                    "lessOrEquals": [
                      "@triggerOutputs()?['body/crf77_startdatetime']",
                      "@items('Apply_to_each')?['crf77_enddatetime']"
                    ]
                  },
                  {
                    "not": {
                      "equals": [
                        "@triggerOutputs()?['body/crf77_meetingdetailsid']",
                        "@items('Apply_to_each')?['crf77_meetingdetailsid']"
                      ]
                    }
                  }
                ]
              },
              "metadata": {
                "operationMetadataId": "48c09e2c-497a-4d1c-8813-33d5a9e9502e"
              },
              "type": "If"
            }
          },
          "runAfter": {
            "Get_my_profile_(V2)": [
              "Succeeded"
            ]
          },
          "metadata": {
            "operationMetadataId": "79957021-dd5e-4ec0-ab68-323b1347bc36"
          },
          "type": "Foreach"
        },
        "Get_my_profile_(V2)": {
          "runAfter": {
            "List_rows": [
              "Succeeded"
            ]
          },
          "metadata": {
            "operationMetadataId": "05d7ec01-fb19-462c-a982-5da929e328e3"
          },
          "type": "OpenApiConnection",
          "inputs": {
            "host": {
              "connectionName": "shared_office365users",
              "operationId": "MyProfile_V2",
              "apiId": "/providers/Microsoft.PowerApps/apis/shared_office365users"
            },
            "parameters": {},
            "authentication": "@parameters('$authentication')"
          }
        }
      },
      "outputs": {}
    }
  },
  "schemaVersion": "1.0.0.0"
}