{
  "properties": {
    "connectionReferences": {
      "shared_commondataserviceforapps": {
        "runtimeSource": "embedded",
        "connection": {
          "connectionReferenceLogicalName": "crf77_sharedcommondataserviceforapps_92d69"
        },
        "api": {
          "name": "shared_commondataserviceforapps"
        }
      }
    },
    "definition": {
      "$schema": "https://schema.management.azure.com/providers/Microsoft.Logic/schemas/2016-06-01/workflowdefinition.json#",
      "contentVersion": "1.0.0.0",
      "parameters": {
        "$connections": {
          "defaultValue": {},
          "type": "Object"
        },
        "$authentication": {
          "defaultValue": {},
          "type": "SecureObject"
        }
      },
      "triggers": {
        "When_a_row_is_added,_modified_or_deleted": {
          "metadata": {
            "operationMetadataId": "825db91c-19f3-4e4d-b359-94d2a594b5e3"
          },
          "type": "OpenApiConnectionWebhook",
          "inputs": {
            "host": {
              "connectionName": "shared_commondataserviceforapps",
              "operationId": "SubscribeWebhookTrigger",
              "apiId": "/providers/Microsoft.PowerApps/apis/shared_commondataserviceforapps"
            },
            "parameters": {
              "subscriptionRequest/message": 1,
              "subscriptionRequest/entityname": "crf77_meetingdetails",
              "subscriptionRequest/scope": 2
            },
            "authentication": "@parameters('$authentication')"
          }
        }
      },
      "actions": {
        "Switch": {
          "runAfter": {
            "Initialize_Bi-Weekly_Adder": [
              "Succeeded"
            ]
          },
          "cases": {
            "Case": {
              "case": 198610001,
              "actions": {
                "Do_until": {
                  "actions": {
                    "Increment_variable": {
                      "runAfter": {},
                      "type": "IncrementVariable",
                      "inputs": {
                        "name": "Repeat Counter",
                        "value": 1
                      }
                    },
                    "Add_a_new_row": {
                      "runAfter": {
                        "Increment_variable_2": [
                          "Succeeded"
                        ]
                      },
                      "type": "OpenApiConnection",
                      "inputs": {
                        "host": {
                          "connectionName": "shared_commondataserviceforapps",
                          "operationId": "CreateRecord",
                          "apiId": "/providers/Microsoft.PowerApps/apis/shared_commondataserviceforapps"
                        },
                        "parameters": {
                          "entityName": "crf77_meetingdetailses",
                          "item/crf77_appointmenttype": "@outputs('Get_a_row_by_ID')?['body/crf77_appointmenttype']",
                          "item/crf77_Employee@odata.bind": "SystemUsers(@{outputs('Get_a_row_by_ID')?['body/_crf77_employee_value']})",
                          "item/crf77_enddatetime": "@addDays(outputs('Get_a_row_by_ID')?['body/crf77_enddatetime'],variables('Weekly Adder'))",
                          "item/crf77_MeetingRoom@odata.bind": "crf77_MeetingRooms(@{outputs('Get_a_row_by_ID')?['body/_crf77_meetingroom_value']})",
                          "item/crf77_name": "@outputs('Get_a_row_by_ID')?['body/crf77_name']",
                          "item/crf77_numberofrepeatevents": "@outputs('Get_a_row_by_ID')?['body/crf77_numberofrepeatevents']",
                          "item/crf77_startdatetime": "@addDays(outputs('Get_a_row_by_ID')?['body/crf77_startdatetime'],variables('Weekly Adder'))"
                        },
                        "authentication": "@parameters('$authentication')"
                      }
                    },
                    "Increment_variable_2": {
                      "runAfter": {
                        "Increment_variable": [
                          "Succeeded"
                        ]
                      },
                      "type": "IncrementVariable",
                      "inputs": {
                        "name": "Weekly Adder",
                        "value": 7
                      }
                    }
                  },
                  "runAfter": {},
                  "expression": "@equals(variables('Repeat Counter'), triggerOutputs()?['body/crf77_numberofrepeatevents'])",
                  "limit": {
                    "count": 60,
                    "timeout": "PT1H"
                  },
                  "type": "Until"
                }
              }
            }
          },
          "default": {
            "actions": {}
          },
          "expression": "@triggerOutputs()?['body/crf77_appointmenttype']",
          "metadata": {
            "operationMetadataId": "383768f5-1f10-4ef2-b82b-5ce32edb1b88"
          },
          "type": "Switch"
        },
        "Initialize_Repeat_Counter": {
          "runAfter": {
            "Get_a_row_by_ID": [
              "Succeeded"
            ]
          },
          "metadata": {
            "operationMetadataId": "635cafe1-164a-4b28-8aa8-2b29d34dbcf4"
          },
          "type": "InitializeVariable",
          "inputs": {
            "variables": [
              {
                "name": "Repeat Counter",
                "type": "integer",
                "value": 1
              }
            ]
          }
        },
        "Initialize_Weekly_Adder": {
          "runAfter": {
            "Initialize_Repeat_Counter": [
              "Succeeded"
            ]
          },
          "metadata": {
            "operationMetadataId": "abc5fd33-5e31-4e2b-ac0d-83b506d28e9a"
          },
          "type": "InitializeVariable",
          "inputs": {
            "variables": [
              {
                "name": "Weekly Adder",
                "type": "integer",
                "value": 0
              }
            ]
          }
        },
        "Initialize_Bi-Weekly_Adder": {
          "runAfter": {
            "Initialize_Weekly_Adder": [
              "Succeeded"
            ]
          },
          "metadata": {
            "operationMetadataId": "761bafbd-593e-4fb7-87ba-8a462c597563"
          },
          "type": "InitializeVariable",
          "inputs": {
            "variables": [
              {
                "name": "Bi-Weekly Adder",
                "type": "integer",
                "value": 0
              }
            ]
          }
        },
        "Get_a_row_by_ID": {
          "runAfter": {},
          "metadata": {
            "operationMetadataId": "e8fd1c1c-f4e1-4c43-8d19-66d598c5f023"
          },
          "type": "OpenApiConnection",
          "inputs": {
            "host": {
              "connectionName": "shared_commondataserviceforapps",
              "operationId": "GetItem",
              "apiId": "/providers/Microsoft.PowerApps/apis/shared_commondataserviceforapps"
            },
            "parameters": {
              "entityName": "crf77_meetingdetailses",
              "recordId": "@triggerOutputs()?['body/crf77_meetingdetailsid']"
            },
            "authentication": "@parameters('$authentication')"
          }
        }
      },
      "outputs": {}
    }
  },
  "schemaVersion": "1.0.0.0"
}