<ImportExportXml version="9.2.22122.142" SolutionPackageVersion="9.2" languagecode="1033" generatedBy="CrmLive" xmlns:xsi="http://www.w3.org/2001/XMLSchema-instance">
  <SolutionManifest>
    <UniqueName>RoomBookingSystemv2</UniqueName>
    <LocalizedNames>
      <LocalizedName description="Room Booking System v2" languagecode="1033" />
    </LocalizedNames>
    <Descriptions>
      <Description description="Upgrade of Room Booking System v2" languagecode="1033" />
    </Descriptions>
    <Version>1.4.0.5</Version>
    <Managed>0</Managed>
    <Publisher>
      <UniqueName>Cr4b55c</UniqueName>
      <LocalizedNames>
        <LocalizedName description="CDS Default Publisher" languagecode="1033" />
      </LocalizedNames>
      <Descriptions />
      <EMailAddress xsi:nil="true"></EMailAddress>
      <SupportingWebsiteUrl xsi:nil="true"></SupportingWebsiteUrl>
      <CustomizationPrefix>crf77</CustomizationPrefix>
      <CustomizationOptionValuePrefix>19861</CustomizationOptionValuePrefix>
      <Addresses>
        <Address>
          <AddressNumber>1</AddressNumber>
          <AddressTypeCode xsi:nil="true"></AddressTypeCode>
          <City xsi:nil="true"></City>
          <County xsi:nil="true"></County>
          <Country xsi:nil="true"></Country>
          <Fax xsi:nil="true"></Fax>
          <FreightTermsCode xsi:nil="true"></FreightTermsCode>
          <ImportSequenceNumber xsi:nil="true"></ImportSequenceNumber>
          <Latitude xsi:nil="true"></Latitude>
          <Line1 xsi:nil="true"></Line1>
          <Line2 xsi:nil="true"></Line2>
          <Line3 xsi:nil="true"></Line3>
          <Longitude xsi:nil="true"></Longitude>
          <Name xsi:nil="true"></Name>
          <PostalCode xsi:nil="true"></PostalCode>
          <PostOfficeBox xsi:nil="true"></PostOfficeBox>
          <PrimaryContactName xsi:nil="true"></PrimaryContactName>
          <ShippingMethodCode xsi:nil="true"></ShippingMethodCode>
          <StateOrProvince xsi:nil="true"></StateOrProvince>
          <Telephone1 xsi:nil="true"></Telephone1>
          <Telephone2 xsi:nil="true"></Telephone2>
          <Telephone3 xsi:nil="true"></Telephone3>
          <TimeZoneRuleVersionNumber xsi:nil="true"></TimeZoneRuleVersionNumber>
          <UPSZone xsi:nil="true"></UPSZone>
          <UTCOffset xsi:nil="true"></UTCOffset>
          <UTCConversionTimeZoneCode xsi:nil="true"></UTCConversionTimeZoneCode>
        </Address>
        <Address>
          <AddressNumber>2</AddressNumber>
          <AddressTypeCode xsi:nil="true"></AddressTypeCode>
          <City xsi:nil="true"></City>
          <County xsi:nil="true"></County>
          <Country xsi:nil="true"></Country>
          <Fax xsi:nil="true"></Fax>
          <FreightTermsCode xsi:nil="true"></FreightTermsCode>
          <ImportSequenceNumber xsi:nil="true"></ImportSequenceNumber>
          <Latitude xsi:nil="true"></Latitude>
          <Line1 xsi:nil="true"></Line1>
          <Line2 xsi:nil="true"></Line2>
          <Line3 xsi:nil="true"></Line3>
          <Longitude xsi:nil="true"></Longitude>
          <Name xsi:nil="true"></Name>
          <PostalCode xsi:nil="true"></PostalCode>
          <PostOfficeBox xsi:nil="true"></PostOfficeBox>
          <PrimaryContactName xsi:nil="true"></PrimaryContactName>
          <ShippingMethodCode xsi:nil="true"></ShippingMethodCode>
          <StateOrProvince xsi:nil="true"></StateOrProvince>
          <Telephone1 xsi:nil="true"></Telephone1>
          <Telephone2 xsi:nil="true"></Telephone2>
          <Telephone3 xsi:nil="true"></Telephone3>
          <TimeZoneRuleVersionNumber xsi:nil="true"></TimeZoneRuleVersionNumber>
          <UPSZone xsi:nil="true"></UPSZone>
          <UTCOffset xsi:nil="true"></UTCOffset>
          <UTCConversionTimeZoneCode xsi:nil="true"></UTCConversionTimeZoneCode>
        </Address>
      </Addresses>
    </Publisher>
    <RootComponents>
      <RootComponent type="1" schemaName="crf77_meetingdetails" behavior="0" />
      <RootComponent type="1" schemaName="crf77_meetingdetailsearch" behavior="0" />
      <RootComponent type="1" schemaName="crf77_meetingroom" behavior="0" />
      <RootComponent type="20" id="{0c514634-2943-ed11-bba3-000d3ae868a5}" behavior="0" />
      <RootComponent type="29" id="{00dfc944-ec4f-ed11-bba3-000d3aff1315}" behavior="0" />
      <RootComponent type="29" id="{1d5a9749-d84f-ed11-bba3-002248ae09b1}" behavior="0" />
      <RootComponent type="29" id="{300b0225-51ae-ec11-983e-002248ade17d}" behavior="0" />
      <RootComponent type="29" id="{4e888d3e-5660-ed11-9562-000d3ae868a5}" behavior="0" />
      <RootComponent type="29" id="{546ffd0e-8754-ed11-9561-000d3ae983db}" behavior="0" />
      <RootComponent type="29" id="{7656fc2c-1339-ed11-9db0-000d3aff1315}" behavior="0" />
      <RootComponent type="29" id="{95e97e86-d74f-ed11-bba3-002248ae09b1}" behavior="0" />
      <RootComponent type="29" id="{c2f12321-ea44-ed11-bba3-000d3aff121b}" behavior="0" />
      <RootComponent type="29" id="{d2b154b6-d54f-ed11-bba3-002248ae09b1}" behavior="0" />
      <RootComponent type="29" id="{e345d1ed-8654-ed11-9561-000d3aff1315}" behavior="0" />
      <RootComponent type="29" id="{f160ab31-5b60-ed11-9562-002248ae080f}" behavior="0" />
      <RootComponent type="62" schemaName="crf77_RoomBooker" behavior="0" />
      <RootComponent type="80" schemaName="crf77_RoomBooker" behavior="0" />
      <RootComponent type="300" schemaName="crf77_roomsearch_c733a" behavior="0" />
      <RootComponent type="300" schemaName="crf77_testingoutlookconnection_aa6ae" behavior="0" />
      <RootComponent type="431" schemaName="crf77_meetingroom crf77_roomimage" behavior="0" />
      <RootComponent type="431" schemaName="crf77_meetingroom crf77_roomimageoptional1" behavior="0" />
      <RootComponent type="431" schemaName="crf77_meetingroom crf77_roomimageoptional2" behavior="0" />
      <RootComponent type="432" schemaName="crf77_meetingroom" behavior="0" />
    </RootComponents>
    <MissingDependencies>
      <MissingDependency>
        <Required type="1" schemaName="crf77_appointmentdetails" displayName="meetingdetails" solution="Active" />
        <Dependent type="1" schemaName="crf77_meetingroom" displayName="Meeting Room" />
      </MissingDependency>
      <MissingDependency>
        <Required type="1" schemaName="crf77_meetingdetails" displayName="Meeting Details" solution="RoomBookingSystem (1.1.0.3)" />
        <Dependent type="1" schemaName="crf77_meetingdetails" displayName="Meeting Details" />
      </MissingDependency>
      <MissingDependency>
        <Required type="1" schemaName="crf77_meetingroom" displayName="Meeting Room" solution="RoomBookingSystem (1.1.0.3)" />
        <Dependent type="1" schemaName="crf77_meetingroom" displayName="Meeting Room" />
      </MissingDependency>
      <MissingDependency>
        <Required type="29" displayName="Event End Time Error Message" solution="RoomBookingSystem (1.1.0.3)" id="{300b0225-51ae-ec11-983e-002248ade17d}" />
        <Dependent type="29" displayName="Event End Time Error Message" id="{300b0225-51ae-ec11-983e-002248ade17d}" />
      </MissingDependency>
      <MissingDependency>
        <Required type="300" schemaName="crf77_roomsearch_c733a" displayName="Room Search" solution="RoomBookingSystem (1.1.0.3)" />
        <Dependent type="300" schemaName="crf77_roomsearch_c733a" displayName="Room Search" />
      </MissingDependency>
      <MissingDependency>
        <Required type="61" schemaName="msdyn_/Images/AppModule_Default_Icon.png" displayName="msdyn_/Images/AppModule_Default_Icon.png" solution="AppModuleWebResources (2.5)" />
        <Dependent type="80" schemaName="crf77_RoomBooker" displayName="Room Booker" />
      </MissingDependency>
      <MissingDependency>
        <Required type="66" schemaName="MscrmControls.ActivityCalendarControl.ActivityCalendarControl" displayName="MscrmControls.ActivityCalendarControl.ActivityCalendarControl" solution="msdyn_UCICalendar (1.0.0.2390)" />
        <Dependent type="68" id="{e65bfd75-9ec1-441e-a4bc-59938822a427}" />
      </MissingDependency>
      <MissingDependency>
        <Required type="66" schemaName="MscrmControls.Canvas.CanvasControl" displayName="MscrmControls.Canvas.CanvasControl" solution="BaseCustomControlsCore (9.0.2212.2011)" />
        <Dependent type="60" displayName="Information" parentDisplayName="Meeting Details" id="{8ba85ffb-15a2-4770-ad3d-dabbd05b9e6e}" />
      </MissingDependency>
      <MissingDependency>
        <Required type="9" schemaName="crf77_buidling" displayName="Building" solution="RoomBookingSystem (1.1.0.3)" />
        <Dependent type="2" schemaName="crf77_buidling" displayName="Building Old" parentSchemaName="crf77_meetingroom" parentDisplayName="Meeting Room" />
      </MissingDependency>
      <MissingDependency>
        <Required type="9" schemaName="crf77_department" displayName="Department Choices" solution="RoomBookingSystem (1.1.0.3)" />
        <Dependent type="2" schemaName="crf77_department" displayName="Department Old" parentSchemaName="crf77_meetingroom" parentDisplayName="Meeting Room" />
      </MissingDependency>
      <MissingDependency>
        <Required type="9" schemaName="crf77_meetingdetails_statecode" displayName="Status" solution="RoomBookingSystem (1.1.0.3)" />
        <Dependent type="9" schemaName="crf77_meetingdetails_statecode" displayName="Status" />
      </MissingDependency>
      <MissingDependency>
        <Required type="9" schemaName="crf77_meetingdetails_statuscode" displayName="Status Reason" solution="RoomBookingSystem (1.1.0.3)" />
        <Dependent type="9" schemaName="crf77_meetingdetails_statuscode" displayName="Status Reason" />
      </MissingDependency>
      <MissingDependency>
        <Required type="9" schemaName="crf77_meetingroom_statecode" displayName="Status" solution="RoomBookingSystem (1.1.0.3)" />
        <Dependent type="9" schemaName="crf77_meetingroom_statecode" displayName="Status" />
      </MissingDependency>
      <MissingDependency>
        <Required type="9" schemaName="crf77_meetingroom_statuscode" displayName="Status Reason" solution="RoomBookingSystem (1.1.0.3)" />
        <Dependent type="9" schemaName="crf77_meetingroom_statuscode" displayName="Status Reason" />
      </MissingDependency>
    </MissingDependencies>
  </SolutionManifest>
</ImportExportXml>