{
  "properties": {
    "connectionReferences": {
      "shared_commondataserviceforapps": {
        "impersonation": {},
        "runtimeSource": "embedded",
        "connection": {},
        "api": {
          "name": "shared_commondataserviceforapps"
        }
      }
    },
    "definition": {
      "$schema": "https://schema.management.azure.com/providers/Microsoft.Logic/schemas/2016-06-01/workflowdefinition.json#",
      "contentVersion": "1.0.0.0",
      "parameters": {
        "$connections": {
          "defaultValue": {},
          "type": "Object"
        },
        "$authentication": {
          "defaultValue": {},
          "type": "SecureObject"
        }
      },
      "triggers": {
        "When_a_row_is_added,_modified_or_deleted": {
          "metadata": {
            "operationMetadataId": "35334a36-10e7-4fff-afe2-1e94488fae37"
          },
          "type": "OpenApiConnectionWebhook",
          "inputs": {
            "host": {
              "apiId": "/providers/Microsoft.PowerApps/apis/shared_commondataserviceforapps",
              "connectionName": "shared_commondataserviceforapps",
              "operationId": "SubscribeWebhookTrigger"
            },
            "parameters": {
              "subscriptionRequest/message": 1,
              "subscriptionRequest/entityname": "crf77_meetingdetails",
              "subscriptionRequest/scope": 2
            },
            "authentication": "@parameters('$authentication')"
          }
        }
      },
      "actions": {
        "Condition": {
          "actions": {},
          "runAfter": {},
          "else": {
            "actions": {
              "Switch": {
                "runAfter": {},
                "cases": {
                  "Case": {
                    "case": 198610001,
                    "actions": {
                      "Add_a_new_row": {
                        "runAfter": {},
                        "type": "OpenApiConnection",
                        "inputs": {
                          "host": {
                            "apiId": "/providers/Microsoft.PowerApps/apis/shared_commondataserviceforapps",
                            "connectionName": "shared_commondataserviceforapps",
                            "operationId": "CreateRecord"
                          },
                          "parameters": {
                            "entityName": "crf77_meetingdetailses",
                            "item/crf77_appointmenttype": "@triggerOutputs()?['body/crf77_appointmenttype']",
                            "item/crf77_Employee@odata.bind": "/systemusers(@{triggerOutputs()?['body/_crf77_employee_value']})",
                            "item/crf77_enddatetime": "@triggerOutputs()?['body/crf77_twiceweeklyendtime']",
                            "item/crf77_isalessermeeting": 0,
                            "item/crf77_issubweeklymeeting": 1,
                            "item/crf77_MeetingRoom@odata.bind": "/crf77_meetingrooms(@{triggerOutputs()?['body/_crf77_meetingroom_value']})",
                            "item/crf77_name": "@triggerOutputs()?['body/crf77_name']",
                            "item/crf77_numberofrepeatevents": "@triggerOutputs()?['body/crf77_numberofrepeatevents']",
                            "item/crf77_numberweeklyoccurrence": "@triggerOutputs()?['body/crf77_numberweeklyoccurrence']",
                            "item/crf77_startdatetime": "@triggerOutputs()?['body/crf77_twiceweekly']",
                            "item/crf77_thriceweeklyendtime": "@triggerOutputs()?['body/crf77_thriceweeklyendtime']",
                            "item/crf77_thriceweekly": "@triggerOutputs()?['body/crf77_thriceweekly']",
                            "item/crf77_twiceweeklyendtime": "@triggerOutputs()?['body/crf77_twiceweeklyendtime']",
                            "item/crf77_twiceweekly": "@triggerOutputs()?['body/crf77_twiceweekly']"
                          },
                          "authentication": "@parameters('$authentication')"
                        }
                      }
                    }
                  },
                  "Case_2": {
                    "case": 198610002,
                    "actions": {
                      "Add_a_new_row_Second": {
                        "runAfter": {},
                        "type": "OpenApiConnection",
                        "inputs": {
                          "host": {
                            "apiId": "/providers/Microsoft.PowerApps/apis/shared_commondataserviceforapps",
                            "connectionName": "shared_commondataserviceforapps",
                            "operationId": "CreateRecord"
                          },
                          "parameters": {
                            "entityName": "crf77_meetingdetailses",
                            "item/crf77_appointmenttype": "@triggerOutputs()?['body/crf77_appointmenttype']",
                            "item/crf77_Employee@odata.bind": "/systemusers(@{triggerOutputs()?['body/_crf77_employee_value']})",
                            "item/crf77_enddatetime": "@triggerOutputs()?['body/crf77_twiceweeklyendtime']",
                            "item/crf77_isalessermeeting": 0,
                            "item/crf77_issubweeklymeeting": 1,
                            "item/crf77_MeetingRoom@odata.bind": "/crf77_meetingrooms(@{triggerOutputs()?['body/_crf77_meetingroom_value']})",
                            "item/crf77_name": "@triggerOutputs()?['body/crf77_name']",
                            "item/crf77_numberofrepeatevents": "@triggerOutputs()?['body/crf77_numberofrepeatevents']",
                            "item/crf77_numberweeklyoccurrence": "@triggerOutputs()?['body/crf77_numberweeklyoccurrence']",
                            "item/crf77_startdatetime": "@triggerOutputs()?['body/crf77_twiceweekly']",
                            "item/crf77_thriceweeklyendtime": "@triggerOutputs()?['body/crf77_thriceweeklyendtime']",
                            "item/crf77_thriceweekly": "@triggerOutputs()?['body/crf77_thriceweekly']",
                            "item/crf77_twiceweeklyendtime": "@triggerOutputs()?['body/crf77_twiceweeklyendtime']",
                            "item/crf77_twiceweekly": "@triggerOutputs()?['body/crf77_twiceweekly']"
                          },
                          "authentication": "@parameters('$authentication')"
                        }
                      },
                      "Add_a_new_row_2": {
                        "runAfter": {
                          "Add_a_new_row_Second": [
                            "Succeeded"
                          ]
                        },
                        "type": "OpenApiConnection",
                        "inputs": {
                          "host": {
                            "apiId": "/providers/Microsoft.PowerApps/apis/shared_commondataserviceforapps",
                            "connectionName": "shared_commondataserviceforapps",
                            "operationId": "CreateRecord"
                          },
                          "parameters": {
                            "entityName": "crf77_meetingdetailses",
                            "item/crf77_appointmenttype": "@triggerOutputs()?['body/crf77_appointmenttype']",
                            "item/crf77_Employee@odata.bind": "/systemusers(@{triggerOutputs()?['body/_crf77_employee_value']})",
                            "item/crf77_enddatetime": "@outputs('Add_a_new_row_Second')?['body/crf77_thriceweeklyendtime']",
                            "item/crf77_isalessermeeting": 0,
                            "item/crf77_issubweeklymeeting": 1,
                            "item/crf77_MeetingRoom@odata.bind": "/crf77_meetingrooms(@{triggerOutputs()?['body/_crf77_meetingroom_value']})",
                            "item/crf77_name": "@triggerOutputs()?['body/crf77_name']",
                            "item/crf77_numberofrepeatevents": "@triggerOutputs()?['body/crf77_numberofrepeatevents']",
                            "item/crf77_numberweeklyoccurrence": "@triggerOutputs()?['body/crf77_numberweeklyoccurrence']",
                            "item/crf77_startdatetime": "@outputs('Add_a_new_row_Second')?['body/crf77_thriceweekly']",
                            "item/crf77_thriceweeklyendtime": "@triggerOutputs()?['body/crf77_thriceweeklyendtime']",
                            "item/crf77_thriceweekly": "@triggerOutputs()?['body/crf77_thriceweekly']",
                            "item/crf77_twiceweeklyendtime": "@triggerOutputs()?['body/crf77_twiceweeklyendtime']",
                            "item/crf77_twiceweekly": "@triggerOutputs()?['body/crf77_twiceweekly']"
                          },
                          "authentication": "@parameters('$authentication')"
                        }
                      }
                    }
                  }
                },
                "default": {
                  "actions": {}
                },
                "expression": "@triggerOutputs()?['body/crf77_numberweeklyoccurrence']",
                "metadata": {
                  "operationMetadataId": "9599b52c-66ad-4bff-be26-f9c4bf31f510"
                },
                "type": "Switch"
              }
            }
          },
          "expression": {
            "equals": [
              "@triggerOutputs()?['body/crf77_issubweeklymeeting']",
              1
            ]
          },
          "metadata": {
            "operationMetadataId": "bb605b60-bd3a-43f0-9d5a-c58676549bda"
          },
          "type": "If"
        }
      },
      "outputs": {}
    },
    "templateName": null
  },
  "schemaVersion": "1.0.0.0"
}