{
  "properties": {
    "connectionReferences": {
      "shared_commondataserviceforapps": {
        "runtimeSource": "embedded",
        "connection": {
          "connectionReferenceLogicalName": "crf77_sharedcommondataserviceforapps_92d69"
        },
        "api": {
          "name": "shared_commondataserviceforapps"
        }
      },
      "shared_sendmail": {
        "runtimeSource": "embedded",
        "connection": {
          "connectionReferenceLogicalName": "crf77_sharedsendmail_8bc69"
        },
        "api": {
          "name": "shared_sendmail"
        }
      }
    },
    "definition": {
      "$schema": "https://schema.management.azure.com/providers/Microsoft.Logic/schemas/2016-06-01/workflowdefinition.json#",
      "contentVersion": "1.0.0.0",
      "parameters": {
        "$connections": {
          "defaultValue": {},
          "type": "Object"
        },
        "$authentication": {
          "defaultValue": {},
          "type": "SecureObject"
        }
      },
      "triggers": {
        "When_a_row_is_added,_modified_or_deleted": {
          "metadata": {
            "operationMetadataId": "a3e24518-a572-421e-93b5-35d567351e2c"
          },
          "type": "OpenApiConnectionWebhook",
          "inputs": {
            "host": {
              "connectionName": "shared_commondataserviceforapps",
              "operationId": "SubscribeWebhookTrigger",
              "apiId": "/providers/Microsoft.PowerApps/apis/shared_commondataserviceforapps"
            },
            "parameters": {
              "subscriptionRequest/message": 1,
              "subscriptionRequest/entityname": "crf77_meetingdetails",
              "subscriptionRequest/scope": 4
            },
            "authentication": "@parameters('$authentication')"
          }
        }
      },
      "actions": {
        "Get_User_Row": {
          "runAfter": {},
          "metadata": {
            "operationMetadataId": "10ec3fba-3882-47e5-8d5e-9a94a173056b"
          },
          "type": "OpenApiConnection",
          "inputs": {
            "host": {
              "connectionName": "shared_commondataserviceforapps",
              "operationId": "GetItem",
              "apiId": "/providers/Microsoft.PowerApps/apis/shared_commondataserviceforapps"
            },
            "parameters": {
              "entityName": "systemusers",
              "recordId": "@triggerOutputs()?['body/_crf77_employee_value']"
            },
            "authentication": "@parameters('$authentication')"
          }
        },
        "Get_Meeting_Room_Row": {
          "runAfter": {
            "Get_User_Row": [
              "Succeeded"
            ]
          },
          "metadata": {
            "operationMetadataId": "f8bd6584-c1df-44c0-9fd0-32f8624e5791"
          },
          "type": "OpenApiConnection",
          "inputs": {
            "host": {
              "connectionName": "shared_commondataserviceforapps",
              "operationId": "GetItem",
              "apiId": "/providers/Microsoft.PowerApps/apis/shared_commondataserviceforapps"
            },
            "parameters": {
              "entityName": "crf77_meetingrooms",
              "recordId": "@triggerOutputs()?['body/_crf77_meetingroom_value']"
            },
            "authentication": "@parameters('$authentication')"
          }
        },
        "Get_Current_User_Row": {
          "runAfter": {
            "Get_Meeting_Room_Row": [
              "Succeeded"
            ]
          },
          "metadata": {
            "operationMetadataId": "389c0280-13a7-4f62-86a0-580503859244"
          },
          "type": "OpenApiConnection",
          "inputs": {
            "host": {
              "connectionName": "shared_commondataserviceforapps",
              "operationId": "GetItem",
              "apiId": "/providers/Microsoft.PowerApps/apis/shared_commondataserviceforapps"
            },
            "parameters": {
              "entityName": "systemusers",
              "recordId": "@triggerOutputs()?['body/_createdby_value']"
            },
            "authentication": "@parameters('$authentication')"
          }
        },
        "Condition": {
          "actions": {},
          "runAfter": {
            "Initialize_Room_Image": [
              "Succeeded"
            ]
          },
          "else": {
            "actions": {
              "Condition_2": {
                "actions": {
                  "Set_variable": {
                    "runAfter": {},
                    "metadata": {
                      "operationMetadataId": "baef16af-25b8-4050-a760-554cccea366d"
                    },
                    "type": "SetVariable",
                    "inputs": {
                      "name": "Weekly Date Adder Final",
                      "value": "@mul(sub(variables('Weekly Date Adder'),1),7)"
                    }
                  },
                  "Send_an_email_notification_(V3)_2": {
                    "runAfter": {
                      "Set_variable": [
                        "Succeeded"
                      ]
                    },
                    "metadata": {
                      "operationMetadataId": "a73d0fcd-3f70-4d52-9331-1aa4ad04182b"
                    },
                    "type": "OpenApiConnection",
                    "inputs": {
                      "host": {
                        "connectionName": "shared_sendmail",
                        "operationId": "SendEmailV3",
                        "apiId": "/providers/Microsoft.PowerApps/apis/shared_sendmail"
                      },
                      "parameters": {
                        "request/to": "@{outputs('Get_User_Row')?['body/internalemailaddress']};@{outputs('Get_Current_User_Row')?['body/internalemailaddress']};",
                        "request/subject": "You have booked an appointment",
                        "request/text": "<p>You have created a new weekly booking appointment for \"@{triggerOutputs()?['body/crf77_name']}\"<br>\nOn \"@{convertTimeZone(triggerOutputs()?['body/crf77_startdatetime'], 'UTC', 'Eastern Standard Time', 'yyyy/MM/dd')}\"<br>\nRepeating until \"@{convertTimeZone(addDays(triggerOutputs()?['body/crf77_startdatetime'],variables('Weekly Date Adder Final')), 'UTC', 'Eastern Standard Time', 'yyyy/MM/dd')}\"<br>\nIn room \"@{outputs('Get_Meeting_Room_Row')?['body/crf77_name']}\".<br>\n<br>\nStarting at: @{convertTimeZone(triggerOutputs()?['body/crf77_startdatetime'], 'UTC', 'Eastern Standard Time', 'hh:mm tt')}<br>\nEnding at:@{convertTimeZone(triggerOutputs()?['body/crf77_enddatetime'], 'UTC', 'Eastern Standard Time', 'hh:mm tt')}<br>\n<br>\n@{variables('Room Image')}<br>\n<br>\nIf you would like to edit or delete your appointment, please follow this link.<br>\n<br>\nhttps://orgf01b786f.crm3.dynamics.com/Apps/uniquename/crf77_RoomBooker<br>\n</p>"
                      },
                      "authentication": "@parameters('$authentication')"
                    }
                  }
                },
                "runAfter": {},
                "else": {
                  "actions": {
                    "Send_an_email_notification_(V3)": {
                      "runAfter": {},
                      "metadata": {
                        "operationMetadataId": "a73d0fcd-3f70-4d52-9331-1aa4ad04182b"
                      },
                      "type": "OpenApiConnection",
                      "inputs": {
                        "host": {
                          "connectionName": "shared_sendmail",
                          "operationId": "SendEmailV3",
                          "apiId": "/providers/Microsoft.PowerApps/apis/shared_sendmail"
                        },
                        "parameters": {
                          "request/to": "@{outputs('Get_User_Row')?['body/internalemailaddress']};@{outputs('Get_Current_User_Row')?['body/internalemailaddress']};",
                          "request/subject": "You have booked an appointment",
                          "request/text": "<p>You have created a new booking appointment for \"@{triggerOutputs()?['body/crf77_name']}\"<br>\nOn \"@{convertTimeZone(triggerOutputs()?['body/crf77_startdatetime'],'UTC','Eastern Standard Time','yyyy/MM/dd')}\"<br>\nIn room \"@{outputs('Get_Meeting_Room_Row')?['body/crf77_name']}\".<br>\n<br>\nStarting at: @{convertTimeZone(triggerOutputs()?['body/crf77_startdatetime'],'UTC','Eastern Standard Time','hh:mm tt')}<br>\nEnding at:@{convertTimeZone(triggerOutputs()?['body/crf77_enddatetime'],'UTC','Eastern Standard Time','hh:mm tt')}<br>\n<br>\n@{variables('Room Image')}<br>\n<br>\nIf you would like to edit or delete your appointment, please follow this link.<br>\n<br>\nhttps://orgf01b786f.crm3.dynamics.com/Apps/uniquename/crf77_RoomBooker<br>\n</p>"
                        },
                        "authentication": "@parameters('$authentication')"
                      }
                    }
                  }
                },
                "expression": {
                  "equals": [
                    "@triggerOutputs()?['body/crf77_appointmenttype']",
                    198610001
                  ]
                },
                "metadata": {
                  "operationMetadataId": "3be69f15-b0d6-4178-9e26-05e051d1ce6c"
                },
                "type": "If"
              }
            }
          },
          "expression": {
            "equals": [
              "@triggerOutputs()?['body/crf77_isalessermeeting']",
              1
            ]
          },
          "metadata": {
            "operationMetadataId": "ea5b8fc2-8cfc-4abf-956c-9fdd07755af9"
          },
          "type": "If"
        },
        "Initialize_Weekly_Date_Adder": {
          "runAfter": {
            "Get_Current_User_Row": [
              "Succeeded"
            ]
          },
          "metadata": {
            "operationMetadataId": "6f30bdcc-7269-4b1c-89fc-f50bb79c64ed"
          },
          "type": "InitializeVariable",
          "inputs": {
            "variables": [
              {
                "name": "Weekly Date Adder",
                "type": "integer",
                "value": "@triggerOutputs()?['body/crf77_numberofrepeatevents']"
              }
            ]
          }
        },
        "Initialize_Weekly_Date_Adder_Final": {
          "runAfter": {
            "Initialize_Weekly_Date_Adder": [
              "Succeeded"
            ]
          },
          "metadata": {
            "operationMetadataId": "fc7f2c31-7b0b-4146-a363-7bcabe13c78e"
          },
          "type": "InitializeVariable",
          "inputs": {
            "variables": [
              {
                "name": "Weekly Date Adder Final",
                "type": "integer",
                "value": 0
              }
            ]
          }
        },
        "Initialize_Room_Image": {
          "runAfter": {
            "Initialize_Weekly_Date_Adder_Final": [
              "Succeeded"
            ]
          },
          "metadata": {
            "operationMetadataId": "c3ba7cfd-5d4d-4666-bedf-5594b127d8e0"
          },
          "type": "InitializeVariable",
          "inputs": {
            "variables": [
              {
                "name": "Room Image",
                "type": "string",
                "value": "<img src=\"data:image/jpeg;base64,@{outputs('Get_Meeting_Room_Row')?['body/crf77_roomimage']}\" />"
              }
            ]
          }
        }
      }
    },
    "templateName": ""
  },
  "schemaVersion": "1.0.0.0"
}