{
  "properties": {
    "connectionReferences": {
      "shared_commondataserviceforapps": {
        "runtimeSource": "embedded",
        "connection": {},
        "api": {
          "name": "shared_commondataserviceforapps"
        }
      }
    },
    "definition": {
      "$schema": "https://schema.management.azure.com/providers/Microsoft.Logic/schemas/2016-06-01/workflowdefinition.json#",
      "contentVersion": "1.0.0.0",
      "parameters": {
        "$connections": {
          "defaultValue": {},
          "type": "Object"
        },
        "$authentication": {
          "defaultValue": {},
          "type": "SecureObject"
        }
      },
      "triggers": {
        "When_a_row_is_added,_modified_or_deleted": {
          "metadata": {
            "operationMetadataId": "0ed2a5e5-2a2a-4f9c-9057-4cafa8fa8d8a"
          },
          "type": "OpenApiConnectionWebhook",
          "inputs": {
            "host": {
              "connectionName": "shared_commondataserviceforapps",
              "operationId": "SubscribeWebhookTrigger",
              "apiId": "/providers/Microsoft.PowerApps/apis/shared_commondataserviceforapps"
            },
            "parameters": {
              "subscriptionRequest/message": 1,
              "subscriptionRequest/entityname": "crf77_meetingdetails",
              "subscriptionRequest/scope": 2
            },
            "authentication": "@parameters('$authentication')"
          }
        }
      },
      "actions": {
        "Initialize_Number_of_Repeat_Bookings": {
          "runAfter": {},
          "metadata": {
            "operationMetadataId": "d15ede75-09fb-4768-86ab-120fa33fd851"
          },
          "type": "InitializeVariable",
          "inputs": {
            "variables": [
              {
                "name": "Number of Repeat Bookings",
                "type": "integer",
                "value": "@triggerOutputs()?['body/crf77_numberofrepeatevents']"
              }
            ]
          }
        },
        "Initialize_Weekly_Adder": {
          "runAfter": {
            "Initialize_Number_of_Repeat_Bookings": [
              "Succeeded"
            ]
          },
          "metadata": {
            "operationMetadataId": "8f60ebe3-28b7-4f35-a0ef-b3a5a29c8c7b"
          },
          "type": "InitializeVariable",
          "inputs": {
            "variables": [
              {
                "name": "Weekly Adder",
                "type": "integer",
                "value": 0
              }
            ]
          }
        },
        "Initialize_Bi-weekly_Adder": {
          "runAfter": {
            "Initialize_Weekly_Adder": [
              "Succeeded"
            ]
          },
          "metadata": {
            "operationMetadataId": "7cf33294-a002-498b-a434-f52b65ac8ab1"
          },
          "type": "InitializeVariable",
          "inputs": {
            "variables": [
              {
                "name": "Bi-weekly Adder",
                "type": "integer",
                "value": 0
              }
            ]
          }
        },
        "Condition": {
          "actions": {},
          "runAfter": {
            "Initialize_Bi-weekly_Adder": [
              "Succeeded"
            ]
          },
          "else": {
            "actions": {
              "Switch": {
                "runAfter": {},
                "cases": {
                  "Case": {
                    "case": 198610001,
                    "actions": {
                      "Do_until": {
                        "actions": {
                          "Increment_variable": {
                            "runAfter": {},
                            "type": "IncrementVariable",
                            "inputs": {
                              "name": "Number of Repeat Bookings",
                              "value": -1
                            }
                          },
                          "Increment_variable_2": {
                            "runAfter": {
                              "Increment_variable": [
                                "Succeeded"
                              ]
                            },
                            "type": "IncrementVariable",
                            "inputs": {
                              "name": "Weekly Adder",
                              "value": 7
                            }
                          },
                          "Add_a_new_row": {
                            "runAfter": {
                              "Increment_variable_2": [
                                "Succeeded"
                              ]
                            },
                            "type": "OpenApiConnection",
                            "inputs": {
                              "host": {
                                "connectionName": "shared_commondataserviceforapps",
                                "operationId": "CreateRecord",
                                "apiId": "/providers/Microsoft.PowerApps/apis/shared_commondataserviceforapps"
                              },
                              "parameters": {
                                "entityName": "crf77_meetingdetailses",
                                "item/crf77_appointmenttype": "@triggerOutputs()?['body/crf77_appointmenttype']",
                                "item/crf77_Employee@odata.bind": "/systemusers(@{triggerOutputs()?['body/_crf77_employee_value']})",
                                "item/crf77_enddatetime": "@addDays(triggerOutputs()?['body/crf77_enddatetime'],variables('Weekly Adder'))",
                                "item/crf77_isalessermeeting": 1,
                                "item/crf77_MeetingRoom@odata.bind": "/crf77_meetingrooms(@{triggerOutputs()?['body/_crf77_meetingroom_value']})",
                                "item/crf77_name": "@triggerOutputs()?['body/crf77_name']",
                                "item/crf77_numberofrepeatevents": "@triggerOutputs()?['body/crf77_numberofrepeatevents']",
                                "item/crf77_startdatetime": "@addDays(triggerOutputs()?['body/crf77_startdatetime'],variables('Weekly Adder'))"
                              },
                              "authentication": "@parameters('$authentication')"
                            }
                          }
                        },
                        "runAfter": {},
                        "expression": "@lessOrEquals(variables('Number of Repeat Bookings'), 1)",
                        "limit": {
                          "count": 60,
                          "timeout": "PT1H"
                        },
                        "type": "Until"
                      }
                    }
                  },
                  "Case_2": {
                    "case": 198610002,
                    "actions": {
                      "Do_until_2": {
                        "actions": {
                          "Increment_variable_3": {
                            "runAfter": {},
                            "type": "IncrementVariable",
                            "inputs": {
                              "name": "Number of Repeat Bookings",
                              "value": -1
                            }
                          },
                          "Increment_variable_4": {
                            "runAfter": {
                              "Increment_variable_3": [
                                "Succeeded"
                              ]
                            },
                            "type": "IncrementVariable",
                            "inputs": {
                              "name": "Bi-weekly Adder",
                              "value": 14
                            }
                          },
                          "Add_a_new_row_2": {
                            "runAfter": {
                              "Increment_variable_4": [
                                "Succeeded"
                              ]
                            },
                            "type": "OpenApiConnection",
                            "inputs": {
                              "host": {
                                "connectionName": "shared_commondataserviceforapps",
                                "operationId": "CreateRecord",
                                "apiId": "/providers/Microsoft.PowerApps/apis/shared_commondataserviceforapps"
                              },
                              "parameters": {
                                "entityName": "crf77_meetingdetailses",
                                "item/crf77_appointmenttype": "@triggerOutputs()?['body/crf77_appointmenttype']",
                                "item/crf77_Employee@odata.bind": "/systemusers(@{triggerOutputs()?['body/_crf77_employee_value']})",
                                "item/crf77_enddatetime": "@addDays(triggerOutputs()?['body/crf77_enddatetime'], variables('Bi-weekly Adder'))",
                                "item/crf77_isalessermeeting": 1,
                                "item/crf77_MeetingRoom@odata.bind": "/crf77_meetingrooms(@{triggerOutputs()?['body/_crf77_meetingroom_value']})",
                                "item/crf77_name": "@triggerOutputs()?['body/crf77_name']",
                                "item/crf77_numberofrepeatevents": "@triggerOutputs()?['body/crf77_numberofrepeatevents']",
                                "item/crf77_startdatetime": "@addDays(triggerOutputs()?['body/crf77_startdatetime'], variables('Bi-weekly Adder'))"
                              },
                              "authentication": "@parameters('$authentication')"
                            }
                          }
                        },
                        "runAfter": {},
                        "expression": "@lessOrEquals(variables('Number of Repeat Bookings'), 1)",
                        "limit": {
                          "count": 60,
                          "timeout": "PT1H"
                        },
                        "type": "Until"
                      }
                    }
                  }
                },
                "default": {
                  "actions": {}
                },
                "expression": "@triggerOutputs()?['body/crf77_appointmenttype']",
                "metadata": {
                  "operationMetadataId": "272e12e8-b5a6-4271-94be-0659486090f6"
                },
                "type": "Switch"
              }
            }
          },
          "expression": {
            "equals": [
              "@triggerOutputs()?['body/crf77_isalessermeeting']",
              1
            ]
          },
          "metadata": {
            "operationMetadataId": "5e4f82a3-3e9d-4419-a2aa-58b743bf8ecc"
          },
          "type": "If"
        }
      },
      "outputs": {}
    }
  },
  "schemaVersion": "1.0.0.0"
}