{
  "properties": {
    "connectionReferences": {
      "shared_sendmail": {
        "runtimeSource": "embedded",
        "connection": {},
        "api": {
          "name": "shared_sendmail"
        }
      },
      "shared_commondataserviceforapps": {
        "runtimeSource": "embedded",
        "connection": {},
        "api": {
          "name": "shared_commondataserviceforapps"
        }
      },
      "shared_office365users": {
        "runtimeSource": "embedded",
        "connection": {},
        "api": {
          "name": "shared_office365users"
        }
      }
    },
    "definition": {
      "$schema": "https://schema.management.azure.com/providers/Microsoft.Logic/schemas/2016-06-01/workflowdefinition.json#",
      "contentVersion": "1.0.0.0",
      "parameters": {
        "$connections": {
          "defaultValue": {},
          "type": "Object"
        },
        "$authentication": {
          "defaultValue": {},
          "type": "SecureObject"
        }
      },
      "triggers": {
        "When_a_row_is_added,_modified_or_deleted": {
          "metadata": {
            "operationMetadataId": "a3e24518-a572-421e-93b5-35d567351e2c"
          },
          "type": "OpenApiConnectionWebhook",
          "inputs": {
            "host": {
              "connectionName": "shared_commondataserviceforapps",
              "operationId": "SubscribeWebhookTrigger",
              "apiId": "/providers/Microsoft.PowerApps/apis/shared_commondataserviceforapps"
            },
            "parameters": {
              "subscriptionRequest/message": 1,
              "subscriptionRequest/entityname": "crf77_meetingdetails",
              "subscriptionRequest/scope": 1
            },
            "authentication": "@parameters('$authentication')"
          }
        }
      },
      "actions": {
        "Send_an_email_notification_(V3)": {
          "runAfter": {
            "Get_my_profile_(V2)": [
              "Succeeded"
            ]
          },
          "metadata": {
            "operationMetadataId": "a73d0fcd-3f70-4d52-9331-1aa4ad04182b"
          },
          "type": "OpenApiConnection",
          "inputs": {
            "host": {
              "connectionName": "shared_sendmail",
              "operationId": "SendEmailV3",
              "apiId": "/providers/Microsoft.PowerApps/apis/shared_sendmail"
            },
            "parameters": {
              "request/to": "@{outputs('Get_User_Row')?['body/internalemailaddress']};@{outputs('Get_my_profile_(V2)')?['body/mail']};",
              "request/subject": "You have booked an appointment",
              "request/text": "<p>You have created a new booking appointment for \"@{triggerOutputs()?['body/crf77_name']}\"<br>\nOn \"@{convertTimeZone(triggerOutputs()?['body/crf77_startdatetime'],'UTC','Eastern Standard Time','yyyy/MM/dd')}\"<br>\nIn room \"@{outputs('Get_Meeting_Room_Row')?['body/crf77_name']}\".<br>\n<br>\nStarting at: @{convertTimeZone(triggerOutputs()?['body/crf77_startdatetime'],'UTC','Eastern Standard Time','hh:mm tt')}<br>\nEnding at:@{convertTimeZone(triggerOutputs()?['body/crf77_enddatetime'],'UTC','Eastern Standard Time','hh:mm tt')}<br>\n<br>\nIf you would like to edit or delete your appointment, please follow this link.<br>\n<br>\nhttps://orgf01b786f.crm3.dynamics.com/Apps/uniquename/crf77_RoomBooker<br>\n</p>"
            },
            "authentication": "@parameters('$authentication')"
          }
        },
        "Get_User_Row": {
          "runAfter": {},
          "metadata": {
            "operationMetadataId": "10ec3fba-3882-47e5-8d5e-9a94a173056b"
          },
          "type": "OpenApiConnection",
          "inputs": {
            "host": {
              "connectionName": "shared_commondataserviceforapps",
              "operationId": "GetItem",
              "apiId": "/providers/Microsoft.PowerApps/apis/shared_commondataserviceforapps"
            },
            "parameters": {
              "entityName": "systemusers",
              "recordId": "@triggerOutputs()?['body/_crf77_employee_value']"
            },
            "authentication": "@parameters('$authentication')"
          }
        },
        "Get_Meeting_Room_Row": {
          "runAfter": {
            "Get_User_Row": [
              "Succeeded"
            ]
          },
          "metadata": {
            "operationMetadataId": "f8bd6584-c1df-44c0-9fd0-32f8624e5791"
          },
          "type": "OpenApiConnection",
          "inputs": {
            "host": {
              "connectionName": "shared_commondataserviceforapps",
              "operationId": "GetItem",
              "apiId": "/providers/Microsoft.PowerApps/apis/shared_commondataserviceforapps"
            },
            "parameters": {
              "entityName": "crf77_meetingrooms",
              "recordId": "@triggerOutputs()?['body/_crf77_meetingroom_value']"
            },
            "authentication": "@parameters('$authentication')"
          }
        },
        "Get_my_profile_(V2)": {
          "runAfter": {
            "Get_Meeting_Room_Row": [
              "Succeeded"
            ]
          },
          "metadata": {
            "operationMetadataId": "a17c0cbf-6734-4440-a10e-b5639fbcabcc"
          },
          "type": "OpenApiConnection",
          "inputs": {
            "host": {
              "connectionName": "shared_office365users",
              "operationId": "MyProfile_V2",
              "apiId": "/providers/Microsoft.PowerApps/apis/shared_office365users"
            },
            "parameters": {},
            "authentication": "@parameters('$authentication')"
          }
        }
      }
    }
  },
  "schemaVersion": "1.0.0.0"
}