{
  "properties": {
    "connectionReferences": {
      "shared_office365users_2": {
        "runtimeSource": "invoker",
        "connection": {
          "connectionReferenceLogicalName": "crf77_sharedoffice365users_5c5c3"
        },
        "api": {
          "name": "shared_office365users"
        }
      },
      "shared_sendmail_1": {
        "runtimeSource": "invoker",
        "connection": {
          "connectionReferenceLogicalName": "crf77_sharedsendmail_8bc69"
        },
        "api": {
          "name": "shared_sendmail"
        }
      }
    },
    "definition": {
      "$schema": "https://schema.management.azure.com/providers/Microsoft.Logic/schemas/2016-06-01/workflowdefinition.json#",
      "contentVersion": "1.0.0.0",
      "parameters": {
        "$connections": {
          "defaultValue": {},
          "type": "Object"
        },
        "$authentication": {
          "defaultValue": {},
          "type": "SecureObject"
        }
      },
      "triggers": {
        "manual": {
          "metadata": {
            "operationMetadataId": "6d0006ef-47c1-46a7-bf37-816ed490339e"
          },
          "type": "Request",
          "kind": "PowerApp",
          "inputs": {
            "schema": {
              "type": "object",
              "properties": {},
              "required": []
            }
          }
        }
      },
      "actions": {
        "Get_my_profile_(V2)": {
          "runAfter": {},
          "metadata": {
            "operationMetadataId": "7a77f976-a261-48c4-836c-79a4beac9cf9"
          },
          "type": "OpenApiConnection",
          "inputs": {
            "host": {
              "connectionName": "shared_office365users_2",
              "operationId": "MyProfile_V2",
              "apiId": "/providers/Microsoft.PowerApps/apis/shared_office365users"
            },
            "parameters": {},
            "authentication": {
              "type": "Raw",
              "value": "@json(decodeBase64(triggerOutputs().headers['X-MS-APIM-Tokens']))['$ConnectionKey']"
            }
          }
        },
        "Send_an_email_notification_(V3)": {
          "runAfter": {
            "Get_my_profile_(V2)": [
              "Succeeded"
            ]
          },
          "metadata": {
            "operationMetadataId": "1539d878-bc40-492d-8298-099c14dd88ab"
          },
          "type": "OpenApiConnection",
          "inputs": {
            "host": {
              "connectionName": "shared_sendmail_1",
              "operationId": "SendEmailV3",
              "apiId": "/providers/Microsoft.PowerApps/apis/shared_sendmail"
            },
            "parameters": {
              "request/to": "@{outputs('Get_my_profile_(V2)')?['body/mail']};",
              "request/subject": "You have booked an appointment",
              "request/text": "<p>You have created a new booking appointment.<br>\n<br>\nIf you would like to edit or delete your appointment, please follow this link.<br>\n<br>\nhttps://orgf01b786f.crm3.dynamics.com/Apps/uniquename/crf77_RoomBooker</p>"
            },
            "authentication": {
              "type": "Raw",
              "value": "@json(decodeBase64(triggerOutputs().headers['X-MS-APIM-Tokens']))['$ConnectionKey']"
            }
          }
        }
      },
      "outputs": {}
    }
  },
  "schemaVersion": "1.0.0.0"
}